Workbook

Sheet IP Plan
A1: Выделенная подсеть:
A2: 10 | B2: . | C2: 22 | D2: . | E2: 32 | F2: . | G2: 0/21 | H2: leaf# | I2: 1 | J2: 2 | K2: 3 | L2: 4 | M2: 5 | N2: 6 | O2: 7 | P2: 8 | Q2: 9 | R2: 10 | S2: 11 | T2: 12 | U2: 13 | V2: 14 | W2: 15 | X2: 16 | Y2: 17 | Z2: 18 | AA2: 19 | AB2: 20 | AC2: 21 | AD2: 22 | AE2: 23 | AF2: 24 | AG2: 25 | AH2: 26 | AI2: 27 | AJ2: 28 | AK2: 29 | AL2: 30 | AM2: 31 | AN2: 32
H3: leaf loopback | I3: =BIN2DEC(LEFT(Calc!$F$3&Calc!L$5,8))&"."&BIN2DEC(RIGHT(LEFT(Calc!$F$3&Calc!L$5,16),8))&"."&BIN2DEC(RIGHT(LEFT(Calc!$F$3&Calc!L$5,24),8))&"."&BIN2DEC(RIGHT(LEFT(Calc!$F$3&Calc!L$5,32),8))&"/32" -> 10.22.37.1/32 | J3: =BIN2DEC(LEFT(Calc!$F$3&Calc!M$5,8))&"."&BIN2DEC(RIGHT(LEFT(Calc!$F$3&Calc!M$5,16),8))&"."&BIN2DEC(RIGHT(LEFT(Calc!$F$3&Calc!M$5,24),8))&"."&BIN2DEC(RIGHT(LEFT(Calc!$F$3&Calc!M$5,32),8))&"/32" -> 10.22.37.2/32 | K3: =BIN2DEC(LEFT(Calc!$F$3&Calc!N$5,8))&"."&BIN2DEC(RIGHT(LEFT(Calc!$F$3&Calc!N$5,16),8))&"."&BIN2DEC(RIGHT(LEFT(Calc!$F$3&Calc!N$5,24),8))&"."&BIN2DEC(RIGHT(LEFT(Calc!$F$3&Calc!N$5,32),8))&"/32" -> 10.22.37.3/32 | L3: =BIN2DEC(LEFT(Calc!$F$3&Calc!O$5,8))&"."&BIN2DEC(RIGHT(LEFT(Calc!$F$3&Calc!O$5,16),8))&"."&BIN2DEC(RIGHT(LEFT(Calc!$F$3&Calc!O$5,24),8))&"."&BIN2DEC(RIGHT(LEFT(Calc!$F$3&Calc!O$5,32),8))&"/32" -> 10.22.37.4/32 | M3: =BIN2DEC(LEFT(Calc!$F$3&Calc!P$5,8))&"."&BIN2DEC(RIGHT(LEFT(Calc!$F$3&Calc!P$5,16),8))&"."&BIN2DEC(RIGHT(LEFT(Calc!$F$3&Calc!P$5,24),8))&"."&BIN2DEC(RIGHT(LEFT(Calc!$F$3&Calc!P$5,32),8))&"/32" -> 10.22.37.5/32 | N3: =BIN2DEC(LEFT(Calc!$F$3&Calc!Q$5,8))&"."&BIN2DEC(RIGHT(LEFT(Calc!$F$3&Calc!Q$5,16),8))&"."&BIN2DEC(RIGHT(LEFT(Calc!$F$3&Calc!Q$5,24),8))&"."&BIN2DEC(RIGHT(LEFT(Calc!$F$3&Calc!Q$5,32),8))&"/32" -> 10.22.37.6/32 | O3: =BIN2DEC(LEFT(Calc!$F$3&Calc!R$5,8))&"."&BIN2DEC(RIGHT(LEFT(Calc!$F$3&Calc!R$5,16),8))&"."&BIN2DEC(RIGHT(LEFT(Calc!$F$3&Calc!R$5,24),8))&"."&BIN2DEC(RIGHT(LEFT(Calc!$F$3&Calc!R$5,32),8))&"/32" -> 10.22.37.7/32 | P3: =BIN2DEC(LEFT(Calc!$F$3&Calc!S$5,8))&"."&BIN2DEC(RIGHT(LEFT(Calc!$F$3&Calc!S$5,16),8))&"."&BIN2DEC(RIGHT(LEFT(Calc!$F$3&Calc!S$5,24),8))&"."&BIN2DEC(RIGHT(LEFT(Calc!$F$3&Calc!S$5,32),8))&"/32" -> 10.22.37.8/32 | ... AN3: =BIN2DEC(LEFT(Calc!$F$3&Calc!AQ$5,8))&"."&BIN2DEC(RIGHT(LEFT(Calc!$F$3&Calc!AQ$5,16),8))&"."&BIN2DEC(RIGHT(LEFT(Calc!$F$3&Calc!AQ$5,24),8))&"."&BIN2DEC(RIGHT(LEFT(Calc!$F$3&Calc!AQ$5,32),8))&"/32" -> 10.22.37.32/32
G4: spine # | H4: Spine loopback
G5: 1 | H5: =BIN2DEC(LEFT(Calc!$F$3&Calc!$J7,8))&"."&BIN2DEC(RIGHT(LEFT(Calc!$F$3&Calc!$J7,16),8))&"."&BIN2DEC(RIGHT(LEFT(Calc!$F$3&Calc!$J7,24),8))&"."&BIN2DEC(RIGHT(LEFT(Calc!$F$3&Calc!$J7,32),8))&"/32" -> 10.22.36.1/32 | I5: =BIN2DEC(LEFT(Calc!$F$3&Calc!L7,8))&"."&BIN2DEC(RIGHT(LEFT(Calc!$F$3&Calc!L7,16),8))&"."&BIN2DEC(RIGHT(LEFT(Calc!$F$3&Calc!L7,24),8))&"."&BIN2DEC(RIGHT(LEFT(Calc!$F$3&Calc!L7,32),8))&"/31" -> 10.22.32.0/31 | J5: =BIN2DEC(LEFT(Calc!$F$3&Calc!M7,8))&"."&BIN2DEC(RIGHT(LEFT(Calc!$F$3&Calc!M7,16),8))&"."&BIN2DEC(RIGHT(LEFT(Calc!$F$3&Calc!M7,24),8))&"."&BIN2DEC(RIGHT(LEFT(Calc!$F$3&Calc!M7,32),8))&"/31" -> 10.22.32.2/31 | K5: =BIN2DEC(LEFT(Calc!$F$3&Calc!N7,8))&"."&BIN2DEC(RIGHT(LEFT(Calc!$F$3&Calc!N7,16),8))&"."&BIN2DEC(RIGHT(LEFT(Calc!$F$3&Calc!N7,24),8))&"."&BIN2DEC(RIGHT(LEFT(Calc!$F$3&Calc!N7,32),8))&"/31" -> 10.22.32.4/31 | L5: =BIN2DEC(LEFT(Calc!$F$3&Calc!O7,8))&"."&BIN2DEC(RIGHT(LEFT(Calc!$F$3&Calc!O7,16),8))&"."&BIN2DEC(RIGHT(LEFT(Calc!$F$3&Calc!O7,24),8))&"."&BIN2DEC(RIGHT(LEFT(Calc!$F$3&Calc!O7,32),8))&"/31" -> 10.22.32.6/31 | M5: =BIN2DEC(LEFT(Calc!$F$3&Calc!P7,8))&"."&BIN2DEC(RIGHT(LEFT(Calc!$F$3&Calc!P7,16),8))&"."&BIN2DEC(RIGHT(LEFT(Calc!$F$3&Calc!P7,24),8))&"."&BIN2DEC(RIGHT(LEFT(Calc!$F$3&Calc!P7,32),8))&"/31" -> 10.22.32.8/31 | N5: =BIN2DEC(LEFT(Calc!$F$3&Calc!Q7,8))&"."&BIN2DEC(RIGHT(LEFT(Calc!$F$3&Calc!Q7,16),8))&"."&BIN2DEC(RIGHT(LEFT(Calc!$F$3&Calc!Q7,24),8))&"."&BIN2DEC(RIGHT(LEFT(Calc!$F$3&Calc!Q7,32),8))&"/31" -> 10.22.32.10/31 | O5: =BIN2DEC(LEFT(Calc!$F$3&Calc!R7,8))&"."&BIN2DEC(RIGHT(LEFT(Calc!$F$3&Calc!R7,16),8))&"."&BIN2DEC(RIGHT(LEFT(Calc!$F$3&Calc!R7,24),8))&"."&BIN2DEC(RIGHT(LEFT(Calc!$F$3&Calc!R7,32),8))&"/31" -> 10.22.32.12/31 | P5: =BIN2DEC(LEFT(Calc!$F$3&Calc!S7,8))&"."&BIN2DEC(RIGHT(LEFT(Calc!$F$3&Calc!S7,16),8))&"."&BIN2DEC(RIGHT(LEFT(Calc!$F$3&Calc!S7,24),8))&"."&BIN2DEC(RIGHT(LEFT(Calc!$F$3&Calc!S7,32),8))&"/31" -> 10.22.32.14/31 | ... AN5: =BIN2DEC(LEFT(Calc!$F$3&Calc!AQ7,8))&"."&BIN2DEC(RIGHT(LEFT(Calc!$F$3&Calc!AQ7,16),8))&"."&BIN2DEC(RIGHT(LEFT(Calc!$F$3&Calc!AQ7,24),8))&"."&BIN2DEC(RIGHT(LEFT(Calc!$F$3&Calc!AQ7,32),8))&"/31" -> 10.22.32.62/31
G6: 2 | H6: =BIN2DEC(LEFT(Calc!$F$3&Calc!$J8,8))&"."&BIN2DEC(RIGHT(LEFT(Calc!$F$3&Calc!$J8,16),8))&"."&BIN2DEC(RIGHT(LEFT(Calc!$F$3&Calc!$J8,24),8))&"."&BIN2DEC(RIGHT(LEFT(Calc!$F$3&Calc!$J8,32),8))&"/32" -> 10.22.36.2/32 | I6: =BIN2DEC(LEFT(Calc!$F$3&Calc!L8,8))&"."&BIN2DEC(RIGHT(LEFT(Calc!$F$3&Calc!L8,16),8))&"."&BIN2DEC(RIGHT(LEFT(Calc!$F$3&Calc!L8,24),8))&"."&BIN2DEC(RIGHT(LEFT(Calc!$F$3&Calc!L8,32),8))&"/31" -> 10.22.32.64/31 | J6: =BIN2DEC(LEFT(Calc!$F$3&Calc!M8,8))&"."&BIN2DEC(RIGHT(LEFT(Calc!$F$3&Calc!M8,16),8))&"."&BIN2DEC(RIGHT(LEFT(Calc!$F$3&Calc!M8,24),8))&"."&BIN2DEC(RIGHT(LEFT(Calc!$F$3&Calc!M8,32),8))&"/31" -> 10.22.32.66/31 | K6: =BIN2DEC(LEFT(Calc!$F$3&Calc!N8,8))&"."&BIN2DEC(RIGHT(LEFT(Calc!$F$3&Calc!N8,16),8))&"."&BIN2DEC(RIGHT(LEFT(Calc!$F$3&Calc!N8,24),8))&"."&BIN2DEC(RIGHT(LEFT(Calc!$F$3&Calc!N8,32),8))&"/31" -> 10.22.32.68/31 | L6: =BIN2DEC(LEFT(Calc!$F$3&Calc!O8,8))&"."&BIN2DEC(RIGHT(LEFT(Calc!$F$3&Calc!O8,16),8))&"."&BIN2DEC(RIGHT(LEFT(Calc!$F$3&Calc!O8,24),8))&"."&BIN2DEC(RIGHT(LEFT(Calc!$F$3&Calc!O8,32),8))&"/31" -> 10.22.32.70/31 | M6: =BIN2DEC(LEFT(Calc!$F$3&Calc!P8,8))&"."&BIN2DEC(RIGHT(LEFT(Calc!$F$3&Calc!P8,16),8))&"."&BIN2DEC(RIGHT(LEFT(Calc!$F$3&Calc!P8,24),8))&"."&BIN2DEC(RIGHT(LEFT(Calc!$F$3&Calc!P8,32),8))&"/31" -> 10.22.32.72/31 | N6: =BIN2DEC(LEFT(Calc!$F$3&Calc!Q8,8))&"."&BIN2DEC(RIGHT(LEFT(Calc!$F$3&Calc!Q8,16),8))&"."&BIN2DEC(RIGHT(LEFT(Calc!$F$3&Calc!Q8,24),8))&"."&BIN2DEC(RIGHT(LEFT(Calc!$F$3&Calc!Q8,32),8))&"/31" -> 10.22.32.74/31 | O6: =BIN2DEC(LEFT(Calc!$F$3&Calc!R8,8))&"."&BIN2DEC(RIGHT(LEFT(Calc!$F$3&Calc!R8,16),8))&"."&BIN2DEC(RIGHT(LEFT(Calc!$F$3&Calc!R8,24),8))&"."&BIN2DEC(RIGHT(LEFT(Calc!$F$3&Calc!R8,32),8))&"/31" -> 10.22.32.76/31 | P6: =BIN2DEC(LEFT(Calc!$F$3&Calc!S8,8))&"."&BIN2DEC(RIGHT(LEFT(Calc!$F$3&Calc!S8,16),8))&"."&BIN2DEC(RIGHT(LEFT(Calc!$F$3&Calc!S8,24),8))&"."&BIN2DEC(RIGHT(LEFT(Calc!$F$3&Calc!S8,32),8))&"/31" -> 10.22.32.78/31 | ... AN6: =BIN2DEC(LEFT(Calc!$F$3&Calc!AQ8,8))&"."&BIN2DEC(RIGHT(LEFT(Calc!$F$3&Calc!AQ8,16),8))&"."&BIN2DEC(RIGHT(LEFT(Calc!$F$3&Calc!AQ8,24),8))&"."&BIN2DEC(RIGHT(LEFT(Calc!$F$3&Calc!AQ8,32),8))&"/31" -> 10.22.32.126/31
G7: 3 | H7: =BIN2DEC(LEFT(Calc!$F$3&Calc!$J9,8))&"."&BIN2DEC(RIGHT(LEFT(Calc!$F$3&Calc!$J9,16),8))&"."&BIN2DEC(RIGHT(LEFT(Calc!$F$3&Calc!$J9,24),8))&"."&BIN2DEC(RIGHT(LEFT(Calc!$F$3&Calc!$J9,32),8))&"/32" -> 10.22.36.3/32 | I7: =BIN2DEC(LEFT(Calc!$F$3&Calc!L9,8))&"."&BIN2DEC(RIGHT(LEFT(Calc!$F$3&Calc!L9,16),8))&"."&BIN2DEC(RIGHT(LEFT(Calc!$F$3&Calc!L9,24),8))&"."&BIN2DEC(RIGHT(LEFT(Calc!$F$3&Calc!L9,32),8))&"/31" -> 10.22.32.128/31 | J7: =BIN2DEC(LEFT(Calc!$F$3&Calc!M9,8))&"."&BIN2DEC(RIGHT(LEFT(Calc!$F$3&Calc!M9,16),8))&"."&BIN2DEC(RIGHT(LEFT(Calc!$F$3&Calc!M9,24),8))&"."&BIN2DEC(RIGHT(LEFT(Calc!$F$3&Calc!M9,32),8))&"/31" -> 10.22.32.130/31 | K7: =BIN2DEC(LEFT(Calc!$F$3&Calc!N9,8))&"."&BIN2DEC(RIGHT(LEFT(Calc!$F$3&Calc!N9,16),8))&"."&BIN2DEC(RIGHT(LEFT(Calc!$F$3&Calc!N9,24),8))&"."&BIN2DEC(RIGHT(LEFT(Calc!$F$3&Calc!N9,32),8))&"/31" -> 10.22.32.132/31 | L7: =BIN2DEC(LEFT(Calc!$F$3&Calc!O9,8))&"."&BIN2DEC(RIGHT(LEFT(Calc!$F$3&Calc!O9,16),8))&"."&BIN2DEC(RIGHT(LEFT(Calc!$F$3&Calc!O9,24),8))&"."&BIN2DEC(RIGHT(LEFT(Calc!$F$3&Calc!O9,32),8))&"/31" -> 10.22.32.134/31 | M7: =BIN2DEC(LEFT(Calc!$F$3&Calc!P9,8))&"."&BIN2DEC(RIGHT(LEFT(Calc!$F$3&Calc!P9,16),8))&"."&BIN2DEC(RIGHT(LEFT(Calc!$F$3&Calc!P9,24),8))&"."&BIN2DEC(RIGHT(LEFT(Calc!$F$3&Calc!P9,32),8))&"/31" -> 10.22.32.136/31 | N7: =BIN2DEC(LEFT(Calc!$F$3&Calc!Q9,8))&"."&BIN2DEC(RIGHT(LEFT(Calc!$F$3&Calc!Q9,16),8))&"."&BIN2DEC(RIGHT(LEFT(Calc!$F$3&Calc!Q9,24),8))&"."&BIN2DEC(RIGHT(LEFT(Calc!$F$3&Calc!Q9,32),8))&"/31" -> 10.22.32.138/31 | O7: =BIN2DEC(LEFT(Calc!$F$3&Calc!R9,8))&"."&BIN2DEC(RIGHT(LEFT(Calc!$F$3&Calc!R9,16),8))&"."&BIN2DEC(RIGHT(LEFT(Calc!$F$3&Calc!R9,24),8))&"."&BIN2DEC(RIGHT(LEFT(Calc!$F$3&Calc!R9,32),8))&"/31" -> 10.22.32.140/31 | P7: =BIN2DEC(LEFT(Calc!$F$3&Calc!S9,8))&"."&BIN2DEC(RIGHT(LEFT(Calc!$F$3&Calc!S9,16),8))&"."&BIN2DEC(RIGHT(LEFT(Calc!$F$3&Calc!S9,24),8))&"."&BIN2DEC(RIGHT(LEFT(Calc!$F$3&Calc!S9,32),8))&"/31" -> 10.22.32.142/31 | ... AN7: =BIN2DEC(LEFT(Calc!$F$3&Calc!AQ9,8))&"."&BIN2DEC(RIGHT(LEFT(Calc!$F$3&Calc!AQ9,16),8))&"."&BIN2DEC(RIGHT(LEFT(Calc!$F$3&Calc!AQ9,24),8))&"."&BIN2DEC(RIGHT(LEFT(Calc!$F$3&Calc!AQ9,32),8))&"/31" -> 10.22.32.190/31
G8: 4 | H8: =BIN2DEC(LEFT(Calc!$F$3&Calc!$J10,8))&"."&BIN2DEC(RIGHT(LEFT(Calc!$F$3&Calc!$J10,16),8))&"."&BIN2DEC(RIGHT(LEFT(Calc!$F$3&Calc!$J10,24),8))&"."&BIN2DEC(RIGHT(LEFT(Calc!$F$3&Calc!$J10,32),8))&"/32" -> 10.22.36.4/32 | I8: =BIN2DEC(LEFT(Calc!$F$3&Calc!L10,8))&"."&BIN2DEC(RIGHT(LEFT(Calc!$F$3&Calc!L10,16),8))&"."&BIN2DEC(RIGHT(LEFT(Calc!$F$3&Calc!L10,24),8))&"."&BIN2DEC(RIGHT(LEFT(Calc!$F$3&Calc!L10,32),8))&"/31" -> 10.22.32.192/31 | J8: =BIN2DEC(LEFT(Calc!$F$3&Calc!M10,8))&"."&BIN2DEC(RIGHT(LEFT(Calc!$F$3&Calc!M10,16),8))&"."&BIN2DEC(RIGHT(LEFT(Calc!$F$3&Calc!M10,24),8))&"."&BIN2DEC(RIGHT(LEFT(Calc!$F$3&Calc!M10,32),8))&"/31" -> 10.22.32.194/31 | K8: =BIN2DEC(LEFT(Calc!$F$3&Calc!N10,8))&"."&BIN2DEC(RIGHT(LEFT(Calc!$F$3&Calc!N10,16),8))&"."&BIN2DEC(RIGHT(LEFT(Calc!$F$3&Calc!N10,24),8))&"."&BIN2DEC(RIGHT(LEFT(Calc!$F$3&Calc!N10,32),8))&"/31" -> 10.22.32.196/31 | L8: =BIN2DEC(LEFT(Calc!$F$3&Calc!O10,8))&"."&BIN2DEC(RIGHT(LEFT(Calc!$F$3&Calc!O10,16),8))&"."&BIN2DEC(RIGHT(LEFT(Calc!$F$3&Calc!O10,24),8))&"."&BIN2DEC(RIGHT(LEFT(Calc!$F$3&Calc!O10,32),8))&"/31" -> 10.22.32.198/31 | M8: =BIN2DEC(LEFT(Calc!$F$3&Calc!P10,8))&"."&BIN2DEC(RIGHT(LEFT(Calc!$F$3&Calc!P10,16),8))&"."&BIN2DEC(RIGHT(LEFT(Calc!$F$3&Calc!P10,24),8))&"."&BIN2DEC(RIGHT(LEFT(Calc!$F$3&Calc!P10,32),8))&"/31" -> 10.22.32.200/31 | N8: =BIN2DEC(LEFT(Calc!$F$3&Calc!Q10,8))&"."&BIN2DEC(RIGHT(LEFT(Calc!$F$3&Calc!Q10,16),8))&"."&BIN2DEC(RIGHT(LEFT(Calc!$F$3&Calc!Q10,24),8))&"."&BIN2DEC(RIGHT(LEFT(Calc!$F$3&Calc!Q10,32),8))&"/31" -> 10.22.32.202/31 | O8: =BIN2DEC(LEFT(Calc!$F$3&Calc!R10,8))&"."&BIN2DEC(RIGHT(LEFT(Calc!$F$3&Calc!R10,16),8))&"."&BIN2DEC(RIGHT(LEFT(Calc!$F$3&Calc!R10,24),8))&"."&BIN2DEC(RIGHT(LEFT(Calc!$F$3&Calc!R10,32),8))&"/31" -> 10.22.32.204/31 | P8: =BIN2DEC(LEFT(Calc!$F$3&Calc!S10,8))&"."&BIN2DEC(RIGHT(LEFT(Calc!$F$3&Calc!S10,16),8))&"."&BIN2DEC(RIGHT(LEFT(Calc!$F$3&Calc!S10,24),8))&"."&BIN2DEC(RIGHT(LEFT(Calc!$F$3&Calc!S10,32),8))&"/31" -> 10.22.32.206/31 | ... AN8: =BIN2DEC(LEFT(Calc!$F$3&Calc!AQ10,8))&"."&BIN2DEC(RIGHT(LEFT(Calc!$F$3&Calc!AQ10,16),8))&"."&BIN2DEC(RIGHT(LEFT(Calc!$F$3&Calc!AQ10,24),8))&"."&BIN2DEC(RIGHT(LEFT(Calc!$F$3&Calc!AQ10,32),8))&"/31" -> 10.22.32.254/31
G9: 5 | H9: =BIN2DEC(LEFT(Calc!$F$3&Calc!$J11,8))&"."&BIN2DEC(RIGHT(LEFT(Calc!$F$3&Calc!$J11,16),8))&"."&BIN2DEC(RIGHT(LEFT(Calc!$F$3&Calc!$J11,24),8))&"."&BIN2DEC(RIGHT(LEFT(Calc!$F$3&Calc!$J11,32),8))&"/32" -> 10.22.36.5/32 | I9: =BIN2DEC(LEFT(Calc!$F$3&Calc!L11,8))&"."&BIN2DEC(RIGHT(LEFT(Calc!$F$3&Calc!L11,16),8))&"."&BIN2DEC(RIGHT(LEFT(Calc!$F$3&Calc!L11,24),8))&"."&BIN2DEC(RIGHT(LEFT(Calc!$F$3&Calc!L11,32),8))&"/31" -> 10.22.33.0/31 | J9: =BIN2DEC(LEFT(Calc!$F$3&Calc!M11,8))&"."&BIN2DEC(RIGHT(LEFT(Calc!$F$3&Calc!M11,16),8))&"."&BIN2DEC(RIGHT(LEFT(Calc!$F$3&Calc!M11,24),8))&"."&BIN2DEC(RIGHT(LEFT(Calc!$F$3&Calc!M11,32),8))&"/31" -> 10.22.33.2/31 | K9: =BIN2DEC(LEFT(Calc!$F$3&Calc!N11,8))&"."&BIN2DEC(RIGHT(LEFT(Calc!$F$3&Calc!N11,16),8))&"."&BIN2DEC(RIGHT(LEFT(Calc!$F$3&Calc!N11,24),8))&"."&BIN2DEC(RIGHT(LEFT(Calc!$F$3&Calc!N11,32),8))&"/31" -> 10.22.33.4/31 | L9: =BIN2DEC(LEFT(Calc!$F$3&Calc!O11,8))&"."&BIN2DEC(RIGHT(LEFT(Calc!$F$3&Calc!O11,16),8))&"."&BIN2DEC(RIGHT(LEFT(Calc!$F$3&Calc!O11,24),8))&"."&BIN2DEC(RIGHT(LEFT(Calc!$F$3&Calc!O11,32),8))&"/31" -> 10.22.33.6/31 | M9: =BIN2DEC(LEFT(Calc!$F$3&Calc!P11,8))&"."&BIN2DEC(RIGHT(LEFT(Calc!$F$3&Calc!P11,16),8))&"."&BIN2DEC(RIGHT(LEFT(Calc!$F$3&Calc!P11,24),8))&"."&BIN2DEC(RIGHT(LEFT(Calc!$F$3&Calc!P11,32),8))&"/31" -> 10.22.33.8/31 | N9: =BIN2DEC(LEFT(Calc!$F$3&Calc!Q11,8))&"."&BIN2DEC(RIGHT(LEFT(Calc!$F$3&Calc!Q11,16),8))&"."&BIN2DEC(RIGHT(LEFT(Calc!$F$3&Calc!Q11,24),8))&"."&BIN2DEC(RIGHT(LEFT(Calc!$F$3&Calc!Q11,32),8))&"/31" -> 10.22.33.10/31 | O9: =BIN2DEC(LEFT(Calc!$F$3&Calc!R11,8))&"."&BIN2DEC(RIGHT(LEFT(Calc!$F$3&Calc!R11,16),8))&"."&BIN2DEC(RIGHT(LEFT(Calc!$F$3&Calc!R11,24),8))&"."&BIN2DEC(RIGHT(LEFT(Calc!$F$3&Calc!R11,32),8))&"/31" -> 10.22.33.12/31 | P9: =BIN2DEC(LEFT(Calc!$F$3&Calc!S11,8))&"."&BIN2DEC(RIGHT(LEFT(Calc!$F$3&Calc!S11,16),8))&"."&BIN2DEC(RIGHT(LEFT(Calc!$F$3&Calc!S11,24),8))&"."&BIN2DEC(RIGHT(LEFT(Calc!$F$3&Calc!S11,32),8))&"/31" -> 10.22.33.14/31 | ... AN9: =BIN2DEC(LEFT(Calc!$F$3&Calc!AQ11,8))&"."&BIN2DEC(RIGHT(LEFT(Calc!$F$3&Calc!AQ11,16),8))&"."&BIN2DEC(RIGHT(LEFT(Calc!$F$3&Calc!AQ11,24),8))&"."&BIN2DEC(RIGHT(LEFT(Calc!$F$3&Calc!AQ11,32),8))&"/31" -> 10.22.33.62/31
G10: 6 | H10: =BIN2DEC(LEFT(Calc!$F$3&Calc!$J12,8))&"."&BIN2DEC(RIGHT(LEFT(Calc!$F$3&Calc!$J12,16),8))&"."&BIN2DEC(RIGHT(LEFT(Calc!$F$3&Calc!$J12,24),8))&"."&BIN2DEC(RIGHT(LEFT(Calc!$F$3&Calc!$J12,32),8))&"/32" -> 10.22.36.6/32 | I10: =BIN2DEC(LEFT(Calc!$F$3&Calc!L12,8))&"."&BIN2DEC(RIGHT(LEFT(Calc!$F$3&Calc!L12,16),8))&"."&BIN2DEC(RIGHT(LEFT(Calc!$F$3&Calc!L12,24),8))&"."&BIN2DEC(RIGHT(LEFT(Calc!$F$3&Calc!L12,32),8))&"/31" -> 10.22.33.64/31 | J10: =BIN2DEC(LEFT(Calc!$F$3&Calc!M12,8))&"."&BIN2DEC(RIGHT(LEFT(Calc!$F$3&Calc!M12,16),8))&"."&BIN2DEC(RIGHT(LEFT(Calc!$F$3&Calc!M12,24),8))&"."&BIN2DEC(RIGHT(LEFT(Calc!$F$3&Calc!M12,32),8))&"/31" -> 10.22.33.66/31 | K10: =BIN2DEC(LEFT(Calc!$F$3&Calc!N12,8))&"."&BIN2DEC(RIGHT(LEFT(Calc!$F$3&Calc!N12,16),8))&"."&BIN2DEC(RIGHT(LEFT(Calc!$F$3&Calc!N12,24),8))&"."&BIN2DEC(RIGHT(LEFT(Calc!$F$3&Calc!N12,32),8))&"/31" -> 10.22.33.68/31 | L10: =BIN2DEC(LEFT(Calc!$F$3&Calc!O12,8))&"."&BIN2DEC(RIGHT(LEFT(Calc!$F$3&Calc!O12,16),8))&"."&BIN2DEC(RIGHT(LEFT(Calc!$F$3&Calc!O12,24),8))&"."&BIN2DEC(RIGHT(LEFT(Calc!$F$3&Calc!O12,32),8))&"/31" -> 10.22.33.70/31 | M10: =BIN2DEC(LEFT(Calc!$F$3&Calc!P12,8))&"."&BIN2DEC(RIGHT(LEFT(Calc!$F$3&Calc!P12,16),8))&"."&BIN2DEC(RIGHT(LEFT(Calc!$F$3&Calc!P12,24),8))&"."&BIN2DEC(RIGHT(LEFT(Calc!$F$3&Calc!P12,32),8))&"/31" -> 10.22.33.72/31 | N10: =BIN2DEC(LEFT(Calc!$F$3&Calc!Q12,8))&"."&BIN2DEC(RIGHT(LEFT(Calc!$F$3&Calc!Q12,16),8))&"."&BIN2DEC(RIGHT(LEFT(Calc!$F$3&Calc!Q12,24),8))&"."&BIN2DEC(RIGHT(LEFT(Calc!$F$3&Calc!Q12,32),8))&"/31" -> 10.22.33.74/31 | O10: =BIN2DEC(LEFT(Calc!$F$3&Calc!R12,8))&"."&BIN2DEC(RIGHT(LEFT(Calc!$F$3&Calc!R12,16),8))&"."&BIN2DEC(RIGHT(LEFT(Calc!$F$3&Calc!R12,24),8))&"."&BIN2DEC(RIGHT(LEFT(Calc!$F$3&Calc!R12,32),8))&"/31" -> 10.22.33.76/31 | P10: =BIN2DEC(LEFT(Calc!$F$3&Calc!S12,8))&"."&BIN2DEC(RIGHT(LEFT(Calc!$F$3&Calc!S12,16),8))&"."&BIN2DEC(RIGHT(LEFT(Calc!$F$3&Calc!S12,24),8))&"."&BIN2DEC(RIGHT(LEFT(Calc!$F$3&Calc!S12,32),8))&"/31" -> 10.22.33.78/31 | ... AN10: =BIN2DEC(LEFT(Calc!$F$3&Calc!AQ12,8))&"."&BIN2DEC(RIGHT(LEFT(Calc!$F$3&Calc!AQ12,16),8))&"."&BIN2DEC(RIGHT(LEFT(Calc!$F$3&Calc!AQ12,24),8))&"."&BIN2DEC(RIGHT(LEFT(Calc!$F$3&Calc!AQ12,32),8))&"/31" -> 10.22.33.126/31
G11: 7 | H11: =BIN2DEC(LEFT(Calc!$F$3&Calc!$J13,8))&"."&BIN2DEC(RIGHT(LEFT(Calc!$F$3&Calc!$J13,16),8))&"."&BIN2DEC(RIGHT(LEFT(Calc!$F$3&Calc!$J13,24),8))&"."&BIN2DEC(RIGHT(LEFT(Calc!$F$3&Calc!$J13,32),8))&"/32" -> 10.22.36.7/32 | I11: =BIN2DEC(LEFT(Calc!$F$3&Calc!L13,8))&"."&BIN2DEC(RIGHT(LEFT(Calc!$F$3&Calc!L13,16),8))&"."&BIN2DEC(RIGHT(LEFT(Calc!$F$3&Calc!L13,24),8))&"."&BIN2DEC(RIGHT(LEFT(Calc!$F$3&Calc!L13,32),8))&"/31" -> 10.22.33.128/31 | J11: =BIN2DEC(LEFT(Calc!$F$3&Calc!M13,8))&"."&BIN2DEC(RIGHT(LEFT(Calc!$F$3&Calc!M13,16),8))&"."&BIN2DEC(RIGHT(LEFT(Calc!$F$3&Calc!M13,24),8))&"."&BIN2DEC(RIGHT(LEFT(Calc!$F$3&Calc!M13,32),8))&"/31" -> 10.22.33.130/31 | K11: =BIN2DEC(LEFT(Calc!$F$3&Calc!N13,8))&"."&BIN2DEC(RIGHT(LEFT(Calc!$F$3&Calc!N13,16),8))&"."&BIN2DEC(RIGHT(LEFT(Calc!$F$3&Calc!N13,24),8))&"."&BIN2DEC(RIGHT(LEFT(Calc!$F$3&Calc!N13,32),8))&"/31" -> 10.22.33.132/31 | L11: =BIN2DEC(LEFT(Calc!$F$3&Calc!O13,8))&"."&BIN2DEC(RIGHT(LEFT(Calc!$F$3&Calc!O13,16),8))&"."&BIN2DEC(RIGHT(LEFT(Calc!$F$3&Calc!O13,24),8))&"."&BIN2DEC(RIGHT(LEFT(Calc!$F$3&Calc!O13,32),8))&"/31" -> 10.22.33.134/31 | M11: =BIN2DEC(LEFT(Calc!$F$3&Calc!P13,8))&"."&BIN2DEC(RIGHT(LEFT(Calc!$F$3&Calc!P13,16),8))&"."&BIN2DEC(RIGHT(LEFT(Calc!$F$3&Calc!P13,24),8))&"."&BIN2DEC(RIGHT(LEFT(Calc!$F$3&Calc!P13,32),8))&"/31" -> 10.22.33.136/31 | N11: =BIN2DEC(LEFT(Calc!$F$3&Calc!Q13,8))&"."&BIN2DEC(RIGHT(LEFT(Calc!$F$3&Calc!Q13,16),8))&"."&BIN2DEC(RIGHT(LEFT(Calc!$F$3&Calc!Q13,24),8))&"."&BIN2DEC(RIGHT(LEFT(Calc!$F$3&Calc!Q13,32),8))&"/31" -> 10.22.33.138/31 | O11: =BIN2DEC(LEFT(Calc!$F$3&Calc!R13,8))&"."&BIN2DEC(RIGHT(LEFT(Calc!$F$3&Calc!R13,16),8))&"."&BIN2DEC(RIGHT(LEFT(Calc!$F$3&Calc!R13,24),8))&"."&BIN2DEC(RIGHT(LEFT(Calc!$F$3&Calc!R13,32),8))&"/31" -> 10.22.33.140/31 | P11: =BIN2DEC(LEFT(Calc!$F$3&Calc!S13,8))&"."&BIN2DEC(RIGHT(LEFT(Calc!$F$3&Calc!S13,16),8))&"."&BIN2DEC(RIGHT(LEFT(Calc!$F$3&Calc!S13,24),8))&"."&BIN2DEC(RIGHT(LEFT(Calc!$F$3&Calc!S13,32),8))&"/31" -> 10.22.33.142/31 | ... AN11: =BIN2DEC(LEFT(Calc!$F$3&Calc!AQ13,8))&"."&BIN2DEC(RIGHT(LEFT(Calc!$F$3&Calc!AQ13,16),8))&"."&BIN2DEC(RIGHT(LEFT(Calc!$F$3&Calc!AQ13,24),8))&"."&BIN2DEC(RIGHT(LEFT(Calc!$F$3&Calc!AQ13,32),8))&"/31" -> 10.22.33.190/31
G12: 8 | H12: =BIN2DEC(LEFT(Calc!$F$3&Calc!$J14,8))&"."&BIN2DEC(RIGHT(LEFT(Calc!$F$3&Calc!$J14,16),8))&"."&BIN2DEC(RIGHT(LEFT(Calc!$F$3&Calc!$J14,24),8))&"."&BIN2DEC(RIGHT(LEFT(Calc!$F$3&Calc!$J14,32),8))&"/32" -> 10.22.36.8/32 | I12: =BIN2DEC(LEFT(Calc!$F$3&Calc!L14,8))&"."&BIN2DEC(RIGHT(LEFT(Calc!$F$3&Calc!L14,16),8))&"."&BIN2DEC(RIGHT(LEFT(Calc!$F$3&Calc!L14,24),8))&"."&BIN2DEC(RIGHT(LEFT(Calc!$F$3&Calc!L14,32),8))&"/31" -> 10.22.33.192/31 | J12: =BIN2DEC(LEFT(Calc!$F$3&Calc!M14,8))&"."&BIN2DEC(RIGHT(LEFT(Calc!$F$3&Calc!M14,16),8))&"."&BIN2DEC(RIGHT(LEFT(Calc!$F$3&Calc!M14,24),8))&"."&BIN2DEC(RIGHT(LEFT(Calc!$F$3&Calc!M14,32),8))&"/31" -> 10.22.33.194/31 | K12: =BIN2DEC(LEFT(Calc!$F$3&Calc!N14,8))&"."&BIN2DEC(RIGHT(LEFT(Calc!$F$3&Calc!N14,16),8))&"."&BIN2DEC(RIGHT(LEFT(Calc!$F$3&Calc!N14,24),8))&"."&BIN2DEC(RIGHT(LEFT(Calc!$F$3&Calc!N14,32),8))&"/31" -> 10.22.33.196/31 | L12: =BIN2DEC(LEFT(Calc!$F$3&Calc!O14,8))&"."&BIN2DEC(RIGHT(LEFT(Calc!$F$3&Calc!O14,16),8))&"."&BIN2DEC(RIGHT(LEFT(Calc!$F$3&Calc!O14,24),8))&"."&BIN2DEC(RIGHT(LEFT(Calc!$F$3&Calc!O14,32),8))&"/31" -> 10.22.33.198/31 | M12: =BIN2DEC(LEFT(Calc!$F$3&Calc!P14,8))&"."&BIN2DEC(RIGHT(LEFT(Calc!$F$3&Calc!P14,16),8))&"."&BIN2DEC(RIGHT(LEFT(Calc!$F$3&Calc!P14,24),8))&"."&BIN2DEC(RIGHT(LEFT(Calc!$F$3&Calc!P14,32),8))&"/31" -> 10.22.33.200/31 | N12: =BIN2DEC(LEFT(Calc!$F$3&Calc!Q14,8))&"."&BIN2DEC(RIGHT(LEFT(Calc!$F$3&Calc!Q14,16),8))&"."&BIN2DEC(RIGHT(LEFT(Calc!$F$3&Calc!Q14,24),8))&"."&BIN2DEC(RIGHT(LEFT(Calc!$F$3&Calc!Q14,32),8))&"/31" -> 10.22.33.202/31 | O12: =BIN2DEC(LEFT(Calc!$F$3&Calc!R14,8))&"."&BIN2DEC(RIGHT(LEFT(Calc!$F$3&Calc!R14,16),8))&"."&BIN2DEC(RIGHT(LEFT(Calc!$F$3&Calc!R14,24),8))&"."&BIN2DEC(RIGHT(LEFT(Calc!$F$3&Calc!R14,32),8))&"/31" -> 10.22.33.204/31 | P12: =BIN2DEC(LEFT(Calc!$F$3&Calc!S14,8))&"."&BIN2DEC(RIGHT(LEFT(Calc!$F$3&Calc!S14,16),8))&"."&BIN2DEC(RIGHT(LEFT(Calc!$F$3&Calc!S14,24),8))&"."&BIN2DEC(RIGHT(LEFT(Calc!$F$3&Calc!S14,32),8))&"/31" -> 10.22.33.206/31 | ... AN12: =BIN2DEC(LEFT(Calc!$F$3&Calc!AQ14,8))&"."&BIN2DEC(RIGHT(LEFT(Calc!$F$3&Calc!AQ14,16),8))&"."&BIN2DEC(RIGHT(LEFT(Calc!$F$3&Calc!AQ14,24),8))&"."&BIN2DEC(RIGHT(LEFT(Calc!$F$3&Calc!AQ14,32),8))&"/31" -> 10.22.33.254/31
G13: 9 | H13: =BIN2DEC(LEFT(Calc!$F$3&Calc!$J15,8))&"."&BIN2DEC(RIGHT(LEFT(Calc!$F$3&Calc!$J15,16),8))&"."&BIN2DEC(RIGHT(LEFT(Calc!$F$3&Calc!$J15,24),8))&"."&BIN2DEC(RIGHT(LEFT(Calc!$F$3&Calc!$J15,32),8))&"/32" -> 10.22.36.9/32 | I13: =BIN2DEC(LEFT(Calc!$F$3&Calc!L15,8))&"."&BIN2DEC(RIGHT(LEFT(Calc!$F$3&Calc!L15,16),8))&"."&BIN2DEC(RIGHT(LEFT(Calc!$F$3&Calc!L15,24),8))&"."&BIN2DEC(RIGHT(LEFT(Calc!$F$3&Calc!L15,32),8))&"/31" -> 10.22.34.0/31 | J13: =BIN2DEC(LEFT(Calc!$F$3&Calc!M15,8))&"."&BIN2DEC(RIGHT(LEFT(Calc!$F$3&Calc!M15,16),8))&"."&BIN2DEC(RIGHT(LEFT(Calc!$F$3&Calc!M15,24),8))&"."&BIN2DEC(RIGHT(LEFT(Calc!$F$3&Calc!M15,32),8))&"/31" -> 10.22.34.2/31 | K13: =BIN2DEC(LEFT(Calc!$F$3&Calc!N15,8))&"."&BIN2DEC(RIGHT(LEFT(Calc!$F$3&Calc!N15,16),8))&"."&BIN2DEC(RIGHT(LEFT(Calc!$F$3&Calc!N15,24),8))&"."&BIN2DEC(RIGHT(LEFT(Calc!$F$3&Calc!N15,32),8))&"/31" -> 10.22.34.4/31 | L13: =BIN2DEC(LEFT(Calc!$F$3&Calc!O15,8))&"."&BIN2DEC(RIGHT(LEFT(Calc!$F$3&Calc!O15,16),8))&"."&BIN2DEC(RIGHT(LEFT(Calc!$F$3&Calc!O15,24),8))&"."&BIN2DEC(RIGHT(LEFT(Calc!$F$3&Calc!O15,32),8))&"/31" -> 10.22.34.6/31 | M13: =BIN2DEC(LEFT(Calc!$F$3&Calc!P15,8))&"."&BIN2DEC(RIGHT(LEFT(Calc!$F$3&Calc!P15,16),8))&"."&BIN2DEC(RIGHT(LEFT(Calc!$F$3&Calc!P15,24),8))&"."&BIN2DEC(RIGHT(LEFT(Calc!$F$3&Calc!P15,32),8))&"/31" -> 10.22.34.8/31 | N13: =BIN2DEC(LEFT(Calc!$F$3&Calc!Q15,8))&"."&BIN2DEC(RIGHT(LEFT(Calc!$F$3&Calc!Q15,16),8))&"."&BIN2DEC(RIGHT(LEFT(Calc!$F$3&Calc!Q15,24),8))&"."&BIN2DEC(RIGHT(LEFT(Calc!$F$3&Calc!Q15,32),8))&"/31" -> 10.22.34.10/31 | O13: =BIN2DEC(LEFT(Calc!$F$3&Calc!R15,8))&"."&BIN2DEC(RIGHT(LEFT(Calc!$F$3&Calc!R15,16),8))&"."&BIN2DEC(RIGHT(LEFT(Calc!$F$3&Calc!R15,24),8))&"."&BIN2DEC(RIGHT(LEFT(Calc!$F$3&Calc!R15,32),8))&"/31" -> 10.22.34.12/31 | P13: =BIN2DEC(LEFT(Calc!$F$3&Calc!S15,8))&"."&BIN2DEC(RIGHT(LEFT(Calc!$F$3&Calc!S15,16),8))&"."&BIN2DEC(RIGHT(LEFT(Calc!$F$3&Calc!S15,24),8))&"."&BIN2DEC(RIGHT(LEFT(Calc!$F$3&Calc!S15,32),8))&"/31" -> 10.22.34.14/31 | ... AN13: =BIN2DEC(LEFT(Calc!$F$3&Calc!AQ15,8))&"."&BIN2DEC(RIGHT(LEFT(Calc!$F$3&Calc!AQ15,16),8))&"."&BIN2DEC(RIGHT(LEFT(Calc!$F$3&Calc!AQ15,24),8))&"."&BIN2DEC(RIGHT(LEFT(Calc!$F$3&Calc!AQ15,32),8))&"/31" -> 10.22.34.62/31
G14: 10 | H14: =BIN2DEC(LEFT(Calc!$F$3&Calc!$J16,8))&"."&BIN2DEC(RIGHT(LEFT(Calc!$F$3&Calc!$J16,16),8))&"."&BIN2DEC(RIGHT(LEFT(Calc!$F$3&Calc!$J16,24),8))&"."&BIN2DEC(RIGHT(LEFT(Calc!$F$3&Calc!$J16,32),8))&"/32" -> 10.22.36.10/32 | I14: =BIN2DEC(LEFT(Calc!$F$3&Calc!L16,8))&"."&BIN2DEC(RIGHT(LEFT(Calc!$F$3&Calc!L16,16),8))&"."&BIN2DEC(RIGHT(LEFT(Calc!$F$3&Calc!L16,24),8))&"."&BIN2DEC(RIGHT(LEFT(Calc!$F$3&Calc!L16,32),8))&"/31" -> 10.22.34.64/31 | J14: =BIN2DEC(LEFT(Calc!$F$3&Calc!M16,8))&"."&BIN2DEC(RIGHT(LEFT(Calc!$F$3&Calc!M16,16),8))&"."&BIN2DEC(RIGHT(LEFT(Calc!$F$3&Calc!M16,24),8))&"."&BIN2DEC(RIGHT(LEFT(Calc!$F$3&Calc!M16,32),8))&"/31" -> 10.22.34.66/31 | K14: =BIN2DEC(LEFT(Calc!$F$3&Calc!N16,8))&"."&BIN2DEC(RIGHT(LEFT(Calc!$F$3&Calc!N16,16),8))&"."&BIN2DEC(RIGHT(LEFT(Calc!$F$3&Calc!N16,24),8))&"."&BIN2DEC(RIGHT(LEFT(Calc!$F$3&Calc!N16,32),8))&"/31" -> 10.22.34.68/31 | L14: =BIN2DEC(LEFT(Calc!$F$3&Calc!O16,8))&"."&BIN2DEC(RIGHT(LEFT(Calc!$F$3&Calc!O16,16),8))&"."&BIN2DEC(RIGHT(LEFT(Calc!$F$3&Calc!O16,24),8))&"."&BIN2DEC(RIGHT(LEFT(Calc!$F$3&Calc!O16,32),8))&"/31" -> 10.22.34.70/31 | M14: =BIN2DEC(LEFT(Calc!$F$3&Calc!P16,8))&"."&BIN2DEC(RIGHT(LEFT(Calc!$F$3&Calc!P16,16),8))&"."&BIN2DEC(RIGHT(LEFT(Calc!$F$3&Calc!P16,24),8))&"."&BIN2DEC(RIGHT(LEFT(Calc!$F$3&Calc!P16,32),8))&"/31" -> 10.22.34.72/31 | N14: =BIN2DEC(LEFT(Calc!$F$3&Calc!Q16,8))&"."&BIN2DEC(RIGHT(LEFT(Calc!$F$3&Calc!Q16,16),8))&"."&BIN2DEC(RIGHT(LEFT(Calc!$F$3&Calc!Q16,24),8))&"."&BIN2DEC(RIGHT(LEFT(Calc!$F$3&Calc!Q16,32),8))&"/31" -> 10.22.34.74/31 | O14: =BIN2DEC(LEFT(Calc!$F$3&Calc!R16,8))&"."&BIN2DEC(RIGHT(LEFT(Calc!$F$3&Calc!R16,16),8))&"."&BIN2DEC(RIGHT(LEFT(Calc!$F$3&Calc!R16,24),8))&"."&BIN2DEC(RIGHT(LEFT(Calc!$F$3&Calc!R16,32),8))&"/31" -> 10.22.34.76/31 | P14: =BIN2DEC(LEFT(Calc!$F$3&Calc!S16,8))&"."&BIN2DEC(RIGHT(LEFT(Calc!$F$3&Calc!S16,16),8))&"."&BIN2DEC(RIGHT(LEFT(Calc!$F$3&Calc!S16,24),8))&"."&BIN2DEC(RIGHT(LEFT(Calc!$F$3&Calc!S16,32),8))&"/31" -> 10.22.34.78/31 | ... AN14: =BIN2DEC(LEFT(Calc!$F$3&Calc!AQ16,8))&"."&BIN2DEC(RIGHT(LEFT(Calc!$F$3&Calc!AQ16,16),8))&"."&BIN2DEC(RIGHT(LEFT(Calc!$F$3&Calc!AQ16,24),8))&"."&BIN2DEC(RIGHT(LEFT(Calc!$F$3&Calc!AQ16,32),8))&"/31" -> 10.22.34.126/31
G15: 11 | H15: =BIN2DEC(LEFT(Calc!$F$3&Calc!$J17,8))&"."&BIN2DEC(RIGHT(LEFT(Calc!$F$3&Calc!$J17,16),8))&"."&BIN2DEC(RIGHT(LEFT(Calc!$F$3&Calc!$J17,24),8))&"."&BIN2DEC(RIGHT(LEFT(Calc!$F$3&Calc!$J17,32),8))&"/32" -> 10.22.36.11/32 | I15: =BIN2DEC(LEFT(Calc!$F$3&Calc!L17,8))&"."&BIN2DEC(RIGHT(LEFT(Calc!$F$3&Calc!L17,16),8))&"."&BIN2DEC(RIGHT(LEFT(Calc!$F$3&Calc!L17,24),8))&"."&BIN2DEC(RIGHT(LEFT(Calc!$F$3&Calc!L17,32),8))&"/31" -> 10.22.34.128/31 | J15: =BIN2DEC(LEFT(Calc!$F$3&Calc!M17,8))&"."&BIN2DEC(RIGHT(LEFT(Calc!$F$3&Calc!M17,16),8))&"."&BIN2DEC(RIGHT(LEFT(Calc!$F$3&Calc!M17,24),8))&"."&BIN2DEC(RIGHT(LEFT(Calc!$F$3&Calc!M17,32),8))&"/31" -> 10.22.34.130/31 | K15: =BIN2DEC(LEFT(Calc!$F$3&Calc!N17,8))&"."&BIN2DEC(RIGHT(LEFT(Calc!$F$3&Calc!N17,16),8))&"."&BIN2DEC(RIGHT(LEFT(Calc!$F$3&Calc!N17,24),8))&"."&BIN2DEC(RIGHT(LEFT(Calc!$F$3&Calc!N17,32),8))&"/31" -> 10.22.34.132/31 | L15: =BIN2DEC(LEFT(Calc!$F$3&Calc!O17,8))&"."&BIN2DEC(RIGHT(LEFT(Calc!$F$3&Calc!O17,16),8))&"."&BIN2DEC(RIGHT(LEFT(Calc!$F$3&Calc!O17,24),8))&"."&BIN2DEC(RIGHT(LEFT(Calc!$F$3&Calc!O17,32),8))&"/31" -> 10.22.34.134/31 | M15: =BIN2DEC(LEFT(Calc!$F$3&Calc!P17,8))&"."&BIN2DEC(RIGHT(LEFT(Calc!$F$3&Calc!P17,16),8))&"."&BIN2DEC(RIGHT(LEFT(Calc!$F$3&Calc!P17,24),8))&"."&BIN2DEC(RIGHT(LEFT(Calc!$F$3&Calc!P17,32),8))&"/31" -> 10.22.34.136/31 | N15: =BIN2DEC(LEFT(Calc!$F$3&Calc!Q17,8))&"."&BIN2DEC(RIGHT(LEFT(Calc!$F$3&Calc!Q17,16),8))&"."&BIN2DEC(RIGHT(LEFT(Calc!$F$3&Calc!Q17,24),8))&"."&BIN2DEC(RIGHT(LEFT(Calc!$F$3&Calc!Q17,32),8))&"/31" -> 10.22.34.138/31 | O15: =BIN2DEC(LEFT(Calc!$F$3&Calc!R17,8))&"."&BIN2DEC(RIGHT(LEFT(Calc!$F$3&Calc!R17,16),8))&"."&BIN2DEC(RIGHT(LEFT(Calc!$F$3&Calc!R17,24),8))&"."&BIN2DEC(RIGHT(LEFT(Calc!$F$3&Calc!R17,32),8))&"/31" -> 10.22.34.140/31 | P15: =BIN2DEC(LEFT(Calc!$F$3&Calc!S17,8))&"."&BIN2DEC(RIGHT(LEFT(Calc!$F$3&Calc!S17,16),8))&"."&BIN2DEC(RIGHT(LEFT(Calc!$F$3&Calc!S17,24),8))&"."&BIN2DEC(RIGHT(LEFT(Calc!$F$3&Calc!S17,32),8))&"/31" -> 10.22.34.142/31 | ... AN15: =BIN2DEC(LEFT(Calc!$F$3&Calc!AQ17,8))&"."&BIN2DEC(RIGHT(LEFT(Calc!$F$3&Calc!AQ17,16),8))&"."&BIN2DEC(RIGHT(LEFT(Calc!$F$3&Calc!AQ17,24),8))&"."&BIN2DEC(RIGHT(LEFT(Calc!$F$3&Calc!AQ17,32),8))&"/31" -> 10.22.34.190/31
G16: 12 | H16: =BIN2DEC(LEFT(Calc!$F$3&Calc!$J18,8))&"."&BIN2DEC(RIGHT(LEFT(Calc!$F$3&Calc!$J18,16),8))&"."&BIN2DEC(RIGHT(LEFT(Calc!$F$3&Calc!$J18,24),8))&"."&BIN2DEC(RIGHT(LEFT(Calc!$F$3&Calc!$J18,32),8))&"/32" -> 10.22.36.12/32 | I16: =BIN2DEC(LEFT(Calc!$F$3&Calc!L18,8))&"."&BIN2DEC(RIGHT(LEFT(Calc!$F$3&Calc!L18,16),8))&"."&BIN2DEC(RIGHT(LEFT(Calc!$F$3&Calc!L18,24),8))&"."&BIN2DEC(RIGHT(LEFT(Calc!$F$3&Calc!L18,32),8))&"/31" -> 10.22.34.192/31 | J16: =BIN2DEC(LEFT(Calc!$F$3&Calc!M18,8))&"."&BIN2DEC(RIGHT(LEFT(Calc!$F$3&Calc!M18,16),8))&"."&BIN2DEC(RIGHT(LEFT(Calc!$F$3&Calc!M18,24),8))&"."&BIN2DEC(RIGHT(LEFT(Calc!$F$3&Calc!M18,32),8))&"/31" -> 10.22.34.194/31 | K16: =BIN2DEC(LEFT(Calc!$F$3&Calc!N18,8))&"."&BIN2DEC(RIGHT(LEFT(Calc!$F$3&Calc!N18,16),8))&"."&BIN2DEC(RIGHT(LEFT(Calc!$F$3&Calc!N18,24),8))&"."&BIN2DEC(RIGHT(LEFT(Calc!$F$3&Calc!N18,32),8))&"/31" -> 10.22.34.196/31 | L16: =BIN2DEC(LEFT(Calc!$F$3&Calc!O18,8))&"."&BIN2DEC(RIGHT(LEFT(Calc!$F$3&Calc!O18,16),8))&"."&BIN2DEC(RIGHT(LEFT(Calc!$F$3&Calc!O18,24),8))&"."&BIN2DEC(RIGHT(LEFT(Calc!$F$3&Calc!O18,32),8))&"/31" -> 10.22.34.198/31 | M16: =BIN2DEC(LEFT(Calc!$F$3&Calc!P18,8))&"."&BIN2DEC(RIGHT(LEFT(Calc!$F$3&Calc!P18,16),8))&"."&BIN2DEC(RIGHT(LEFT(Calc!$F$3&Calc!P18,24),8))&"."&BIN2DEC(RIGHT(LEFT(Calc!$F$3&Calc!P18,32),8))&"/31" -> 10.22.34.200/31 | N16: =BIN2DEC(LEFT(Calc!$F$3&Calc!Q18,8))&"."&BIN2DEC(RIGHT(LEFT(Calc!$F$3&Calc!Q18,16),8))&"."&BIN2DEC(RIGHT(LEFT(Calc!$F$3&Calc!Q18,24),8))&"."&BIN2DEC(RIGHT(LEFT(Calc!$F$3&Calc!Q18,32),8))&"/31" -> 10.22.34.202/31 | O16: =BIN2DEC(LEFT(Calc!$F$3&Calc!R18,8))&"."&BIN2DEC(RIGHT(LEFT(Calc!$F$3&Calc!R18,16),8))&"."&BIN2DEC(RIGHT(LEFT(Calc!$F$3&Calc!R18,24),8))&"."&BIN2DEC(RIGHT(LEFT(Calc!$F$3&Calc!R18,32),8))&"/31" -> 10.22.34.204/31 | P16: =BIN2DEC(LEFT(Calc!$F$3&Calc!S18,8))&"."&BIN2DEC(RIGHT(LEFT(Calc!$F$3&Calc!S18,16),8))&"."&BIN2DEC(RIGHT(LEFT(Calc!$F$3&Calc!S18,24),8))&"."&BIN2DEC(RIGHT(LEFT(Calc!$F$3&Calc!S18,32),8))&"/31" -> 10.22.34.206/31 | ... AN16: =BIN2DEC(LEFT(Calc!$F$3&Calc!AQ18,8))&"."&BIN2DEC(RIGHT(LEFT(Calc!$F$3&Calc!AQ18,16),8))&"."&BIN2DEC(RIGHT(LEFT(Calc!$F$3&Calc!AQ18,24),8))&"."&BIN2DEC(RIGHT(LEFT(Calc!$F$3&Calc!AQ18,32),8))&"/31" -> 10.22.34.254/31
... G20: 16 | H20: =BIN2DEC(LEFT(Calc!$F$3&Calc!$J22,8))&"."&BIN2DEC(RIGHT(LEFT(Calc!$F$3&Calc!$J22,16),8))&"."&BIN2DEC(RIGHT(LEFT(Calc!$F$3&Calc!$J22,24),8))&"."&BIN2DEC(RIGHT(LEFT(Calc!$F$3&Calc!$J22,32),8))&"/32" -> 10.22.36.16/32 | I20: =BIN2DEC(LEFT(Calc!$F$3&Calc!L22,8))&"."&BIN2DEC(RIGHT(LEFT(Calc!$F$3&Calc!L22,16),8))&"."&BIN2DEC(RIGHT(LEFT(Calc!$F$3&Calc!L22,24),8))&"."&BIN2DEC(RIGHT(LEFT(Calc!$F$3&Calc!L22,32),8))&"/31" -> 10.22.35.192/31 | J20: =BIN2DEC(LEFT(Calc!$F$3&Calc!M22,8))&"."&BIN2DEC(RIGHT(LEFT(Calc!$F$3&Calc!M22,16),8))&"."&BIN2DEC(RIGHT(LEFT(Calc!$F$3&Calc!M22,24),8))&"."&BIN2DEC(RIGHT(LEFT(Calc!$F$3&Calc!M22,32),8))&"/31" -> 10.22.35.194/31 | K20: =BIN2DEC(LEFT(Calc!$F$3&Calc!N22,8))&"."&BIN2DEC(RIGHT(LEFT(Calc!$F$3&Calc!N22,16),8))&"."&BIN2DEC(RIGHT(LEFT(Calc!$F$3&Calc!N22,24),8))&"."&BIN2DEC(RIGHT(LEFT(Calc!$F$3&Calc!N22,32),8))&"/31" -> 10.22.35.196/31 | L20: =BIN2DEC(LEFT(Calc!$F$3&Calc!O22,8))&"."&BIN2DEC(RIGHT(LEFT(Calc!$F$3&Calc!O22,16),8))&"."&BIN2DEC(RIGHT(LEFT(Calc!$F$3&Calc!O22,24),8))&"."&BIN2DEC(RIGHT(LEFT(Calc!$F$3&Calc!O22,32),8))&"/31" -> 10.22.35.198/31 | M20: =BIN2DEC(LEFT(Calc!$F$3&Calc!P22,8))&"."&BIN2DEC(RIGHT(LEFT(Calc!$F$3&Calc!P22,16),8))&"."&BIN2DEC(RIGHT(LEFT(Calc!$F$3&Calc!P22,24),8))&"."&BIN2DEC(RIGHT(LEFT(Calc!$F$3&Calc!P22,32),8))&"/31" -> 10.22.35.200/31 | N20: =BIN2DEC(LEFT(Calc!$F$3&Calc!Q22,8))&"."&BIN2DEC(RIGHT(LEFT(Calc!$F$3&Calc!Q22,16),8))&"."&BIN2DEC(RIGHT(LEFT(Calc!$F$3&Calc!Q22,24),8))&"."&BIN2DEC(RIGHT(LEFT(Calc!$F$3&Calc!Q22,32),8))&"/31" -> 10.22.35.202/31 | O20: =BIN2DEC(LEFT(Calc!$F$3&Calc!R22,8))&"."&BIN2DEC(RIGHT(LEFT(Calc!$F$3&Calc!R22,16),8))&"."&BIN2DEC(RIGHT(LEFT(Calc!$F$3&Calc!R22,24),8))&"."&BIN2DEC(RIGHT(LEFT(Calc!$F$3&Calc!R22,32),8))&"/31" -> 10.22.35.204/31 | P20: =BIN2DEC(LEFT(Calc!$F$3&Calc!S22,8))&"."&BIN2DEC(RIGHT(LEFT(Calc!$F$3&Calc!S22,16),8))&"."&BIN2DEC(RIGHT(LEFT(Calc!$F$3&Calc!S22,24),8))&"."&BIN2DEC(RIGHT(LEFT(Calc!$F$3&Calc!S22,32),8))&"/31" -> 10.22.35.206/31 | ... AN20: =BIN2DEC(LEFT(Calc!$F$3&Calc!AQ22,8))&"."&BIN2DEC(RIGHT(LEFT(Calc!$F$3&Calc!AQ22,16),8))&"."&BIN2DEC(RIGHT(LEFT(Calc!$F$3&Calc!AQ22,24),8))&"."&BIN2DEC(RIGHT(LEFT(Calc!$F$3&Calc!AQ22,32),8))&"/31" -> 10.22.35.254/31

Sheet Calc
A1: Выделена подсеть:
A2: ='IP Plan'!A2 -> 10 | B2: ='IP Plan'!C2 -> 22 | C2: ='IP Plan'!E2 -> 32 | D2: 0 | E2: /21 | F2: =DEC2BIN(A2,8) -> 00001010 | G2: =DEC2BIN(B2,8) -> 00010110 | H2: =DEC2BIN(C2,8) -> 00100000 | I2: =DEC2BIN(D2,8) -> 00000000
F3: =LEFT(F2&G2&H2&I2,21) -> 000010100001011000100
F5: =F3&J11 -> 00001010000101100010010000000101 | J5: Leaf loops | L5: ="101"&DEC2BIN(L6,8) -> 10100000001 | M5: ="101"&DEC2BIN(M6,8) -> 10100000010 | N5: ="101"&DEC2BIN(N6,8) -> 10100000011 | O5: ="101"&DEC2BIN(O6,8) -> 10100000100 | P5: ="101"&DEC2BIN(P6,8) -> 10100000101 | Q5: ="101"&DEC2BIN(Q6,8) -> 10100000110 | R5: ="101"&DEC2BIN(R6,8) -> 10100000111 | S5: ="101"&DEC2BIN(S6,8) -> 10100001000 | ... AQ5: ="101"&DEC2BIN(AQ6,8) -> 10100100000
F6: =BIN2DEC(LEFT(F5,8))&"."&BIN2DEC(RIGHT(LEFT(F5,16),8)) -> 10.22 | J6: Spine loops | L6: 1 | M6: 2 | N6: 3 | O6: 4 | P6: 5 | Q6: 6 | R6: 7 | S6: 8 | T6: 9 | U6: 10 | V6: 11 | W6: 12 | X6: 13 | Y6: 14 | Z6: 15 | AA6: 16 | AB6: 17 | AC6: 18 | AD6: 19 | AE6: 20 | AF6: 21 | AG6: 22 | AH6: 23 | AI6: 24 | AJ6: 25 | AK6: 26 | AL6: 27 | AM6: 28 | AN6: 29 | AO6: 30 | AP6: 31 | AQ6: 32
J7: ="100"&DEC2BIN(K7,8) -> 10000000001 | K7: 1 | L7: ="0"&DEC2BIN(($K7-1),4)&DEC2BIN((L$6-1)*2,6) -> 00000000000 | M7: ="0"&DEC2BIN(($K7-1),4)&DEC2BIN((M$6-1)*2,6) -> 00000000010 | N7: ="0"&DEC2BIN(($K7-1),4)&DEC2BIN((N$6-1)*2,6) -> 00000000100 | O7: ="0"&DEC2BIN(($K7-1),4)&DEC2BIN((O$6-1)*2,6) -> 00000000110 | P7: ="0"&DEC2BIN(($K7-1),4)&DEC2BIN((P$6-1)*2,6) -> 00000001000 | Q7: ="0"&DEC2BIN(($K7-1),4)&DEC2BIN((Q$6-1)*2,6) -> 00000001010 | R7: ="0"&DEC2BIN(($K7-1),4)&DEC2BIN((R$6-1)*2,6) -> 00000001100 | S7: ="0"&DEC2BIN(($K7-1),4)&DEC2BIN((S$6-1)*2,6) -> 00000001110 | ... AQ7: ="0"&DEC2BIN(($K7-1),4)&DEC2BIN((AQ$6-1)*2,6) -> 00000111110
J8: ="100"&DEC2BIN(K8,8) -> 10000000010 | K8: 2 | L8: ="0"&DEC2BIN(($K8-1),4)&DEC2BIN((L$6-1)*2,6) -> 00001000000 | M8: ="0"&DEC2BIN(($K8-1),4)&DEC2BIN((M$6-1)*2,6) -> 00001000010 | N8: ="0"&DEC2BIN(($K8-1),4)&DEC2BIN((N$6-1)*2,6) -> 00001000100 | O8: ="0"&DEC2BIN(($K8-1),4)&DEC2BIN((O$6-1)*2,6) -> 00001000110 | P8: ="0"&DEC2BIN(($K8-1),4)&DEC2BIN((P$6-1)*2,6) -> 00001001000 | Q8: ="0"&DEC2BIN(($K8-1),4)&DEC2BIN((Q$6-1)*2,6) -> 00001001010 | R8: ="0"&DEC2BIN(($K8-1),4)&DEC2BIN((R$6-1)*2,6) -> 00001001100 | S8: ="0"&DEC2BIN(($K8-1),4)&DEC2BIN((S$6-1)*2,6) -> 00001001110 | ... AQ8: ="0"&DEC2BIN(($K8-1),4)&DEC2BIN((AQ$6-1)*2,6) -> 00001111110
J9: ="100"&DEC2BIN(K9,8) -> 10000000011 | K9: 3 | L9: ="0"&DEC2BIN(($K9-1),4)&DEC2BIN((L$6-1)*2,6) -> 00010000000 | M9: ="0"&DEC2BIN(($K9-1),4)&DEC2BIN((M$6-1)*2,6) -> 00010000010 | N9: ="0"&DEC2BIN(($K9-1),4)&DEC2BIN((N$6-1)*2,6) -> 00010000100 | O9: ="0"&DEC2BIN(($K9-1),4)&DEC2BIN((O$6-1)*2,6) -> 00010000110 | P9: ="0"&DEC2BIN(($K9-1),4)&DEC2BIN((P$6-1)*2,6) -> 00010001000 | Q9: ="0"&DEC2BIN(($K9-1),4)&DEC2BIN((Q$6-1)*2,6) -> 00010001010 | R9: ="0"&DEC2BIN(($K9-1),4)&DEC2BIN((R$6-1)*2,6) -> 00010001100 | S9: ="0"&DEC2BIN(($K9-1),4)&DEC2BIN((S$6-1)*2,6) -> 00010001110 | ... AQ9: ="0"&DEC2BIN(($K9-1),4)&DEC2BIN((AQ$6-1)*2,6) -> 00010111110
J10: ="100"&DEC2BIN(K10,8) -> 10000000100 | K10: 4 | L10: ="0"&DEC2BIN(($K10-1),4)&DEC2BIN((L$6-1)*2,6) -> 00011000000 | M10: ="0"&DEC2BIN(($K10-1),4)&DEC2BIN((M$6-1)*2,6) -> 00011000010 | N10: ="0"&DEC2BIN(($K10-1),4)&DEC2BIN((N$6-1)*2,6) -> 00011000100 | O10: ="0"&DEC2BIN(($K10-1),4)&DEC2BIN((O$6-1)*2,6) -> 00011000110 | P10: ="0"&DEC2BIN(($K10-1),4)&DEC2BIN((P$6-1)*2,6) -> 00011001000 | Q10: ="0"&DEC2BIN(($K10-1),4)&DEC2BIN((Q$6-1)*2,6) -> 00011001010 | R10: ="0"&DEC2BIN(($K10-1),4)&DEC2BIN((R$6-1)*2,6) -> 00011001100 | S10: ="0"&DEC2BIN(($K10-1),4)&DEC2BIN((S$6-1)*2,6) -> 00011001110 | ... AQ10: ="0"&DEC2BIN(($K10-1),4)&DEC2BIN((AQ$6-1)*2,6) -> 00011111110
J11: ="100"&DEC2BIN(K11,8) -> 10000000101 | K11: 5 | L11: ="0"&DEC2BIN(($K11-1),4)&DEC2BIN((L$6-1)*2,6) -> 00100000000 | M11: ="0"&DEC2BIN(($K11-1),4)&DEC2BIN((M$6-1)*2,6) -> 00100000010 | N11: ="0"&DEC2BIN(($K11-1),4)&DEC2BIN((N$6-1)*2,6) -> 00100000100 | O11: ="0"&DEC2BIN(($K11-1),4)&DEC2BIN((O$6-1)*2,6) -> 00100000110 | P11: ="0"&DEC2BIN(($K11-1),4)&DEC2BIN((P$6-1)*2,6) -> 00100001000 | Q11: ="0"&DEC2BIN(($K11-1),4)&DEC2BIN((Q$6-1)*2,6) -> 00100001010 | R11: ="0"&DEC2BIN(($K11-1),4)&DEC2BIN((R$6-1)*2,6) -> 00100001100 | S11: ="0"&DEC2BIN(($K11-1),4)&DEC2BIN((S$6-1)*2,6) -> 00100001110 | ... AQ11: ="0"&DEC2BIN(($K11-1),4)&DEC2BIN((AQ$6-1)*2,6) -> 00100111110
J12: ="100"&DEC2BIN(K12,8) -> 10000000110 | K12: 6 | L12: ="0"&DEC2BIN(($K12-1),4)&DEC2BIN((L$6-1)*2,6) -> 00101000000 | M12: ="0"&DEC2BIN(($K12-1),4)&DEC2BIN((M$6-1)*2,6) -> 00101000010 | N12: ="0"&DEC2BIN(($K12-1),4)&DEC2BIN((N$6-1)*2,6) -> 00101000100 | O12: ="0"&DEC2BIN(($K12-1),4)&DEC2BIN((O$6-1)*2,6) -> 00101000110 | P12: ="0"&DEC2BIN(($K12-1),4)&DEC2BIN((P$6-1)*2,6) -> 00101001000 | Q12: ="0"&DEC2BIN(($K12-1),4)&DEC2BIN((Q$6-1)*2,6) -> 00101001010 | R12: ="0"&DEC2BIN(($K12-1),4)&DEC2BIN((R$6-1)*2,6) -> 00101001100 | S12: ="0"&DEC2BIN(($K12-1),4)&DEC2BIN((S$6-1)*2,6) -> 00101001110 | ... AQ12: ="0"&DEC2BIN(($K12-1),4)&DEC2BIN((AQ$6-1)*2,6) -> 00101111110
J13: ="100"&DEC2BIN(K13,8) -> 10000000111 | K13: 7 | L13: ="0"&DEC2BIN(($K13-1),4)&DEC2BIN((L$6-1)*2,6) -> 00110000000 | M13: ="0"&DEC2BIN(($K13-1),4)&DEC2BIN((M$6-1)*2,6) -> 00110000010 | N13: ="0"&DEC2BIN(($K13-1),4)&DEC2BIN((N$6-1)*2,6) -> 00110000100 | O13: ="0"&DEC2BIN(($K13-1),4)&DEC2BIN((O$6-1)*2,6) -> 00110000110 | P13: ="0"&DEC2BIN(($K13-1),4)&DEC2BIN((P$6-1)*2,6) -> 00110001000 | Q13: ="0"&DEC2BIN(($K13-1),4)&DEC2BIN((Q$6-1)*2,6) -> 00110001010 | R13: ="0"&DEC2BIN(($K13-1),4)&DEC2BIN((R$6-1)*2,6) -> 00110001100 | S13: ="0"&DEC2BIN(($K13-1),4)&DEC2BIN((S$6-1)*2,6) -> 00110001110 | ... AQ13: ="0"&DEC2BIN(($K13-1),4)&DEC2BIN((AQ$6-1)*2,6) -> 00110111110
J14: ="100"&DEC2BIN(K14,8) -> 10000001000 | K14: 8 | L14: ="0"&DEC2BIN(($K14-1),4)&DEC2BIN((L$6-1)*2,6) -> 00111000000 | M14: ="0"&DEC2BIN(($K14-1),4)&DEC2BIN((M$6-1)*2,6) -> 00111000010 | N14: ="0"&DEC2BIN(($K14-1),4)&DEC2BIN((N$6-1)*2,6) -> 00111000100 | O14: ="0"&DEC2BIN(($K14-1),4)&DEC2BIN((O$6-1)*2,6) -> 00111000110 | P14: ="0"&DEC2BIN(($K14-1),4)&DEC2BIN((P$6-1)*2,6) -> 00111001000 | Q14: ="0"&DEC2BIN(($K14-1),4)&DEC2BIN((Q$6-1)*2,6) -> 00111001010 | R14: ="0"&DEC2BIN(($K14-1),4)&DEC2BIN((R$6-1)*2,6) -> 00111001100 | S14: ="0"&DEC2BIN(($K14-1),4)&DEC2BIN((S$6-1)*2,6) -> 00111001110 | ... AQ14: ="0"&DEC2BIN(($K14-1),4)&DEC2BIN((AQ$6-1)*2,6) -> 00111111110
J15: ="100"&DEC2BIN(K15,8) -> 10000001001 | K15: 9 | L15: ="0"&DEC2BIN(($K15-1),4)&DEC2BIN((L$6-1)*2,6) -> 01000000000 | M15: ="0"&DEC2BIN(($K15-1),4)&DEC2BIN((M$6-1)*2,6) -> 01000000010 | N15: ="0"&DEC2BIN(($K15-1),4)&DEC2BIN((N$6-1)*2,6) -> 01000000100 | O15: ="0"&DEC2BIN(($K15-1),4)&DEC2BIN((O$6-1)*2,6) -> 01000000110 | P15: ="0"&DEC2BIN(($K15-1),4)&DEC2BIN((P$6-1)*2,6) -> 01000001000 | Q15: ="0"&DEC2BIN(($K15-1),4)&DEC2BIN((Q$6-1)*2,6) -> 01000001010 | R15: ="0"&DEC2BIN(($K15-1),4)&DEC2BIN((R$6-1)*2,6) -> 01000001100 | S15: ="0"&DEC2BIN(($K15-1),4)&DEC2BIN((S$6-1)*2,6) -> 01000001110 | ... AQ15: ="0"&DEC2BIN(($K15-1),4)&DEC2BIN((AQ$6-1)*2,6) -> 01000111110
J16: ="100"&DEC2BIN(K16,8) -> 10000001010 | K16: 10 | L16: ="0"&DEC2BIN(($K16-1),4)&DEC2BIN((L$6-1)*2,6) -> 01001000000 | M16: ="0"&DEC2BIN(($K16-1),4)&DEC2BIN((M$6-1)*2,6) -> 01001000010 | N16: ="0"&DEC2BIN(($K16-1),4)&DEC2BIN((N$6-1)*2,6) -> 01001000100 | O16: ="0"&DEC2BIN(($K16-1),4)&DEC2BIN((O$6-1)*2,6) -> 01001000110 | P16: ="0"&DEC2BIN(($K16-1),4)&DEC2BIN((P$6-1)*2,6) -> 01001001000 | Q16: ="0"&DEC2BIN(($K16-1),4)&DEC2BIN((Q$6-1)*2,6) -> 01001001010 | R16: ="0"&DEC2BIN(($K16-1),4)&DEC2BIN((R$6-1)*2,6) -> 01001001100 | S16: ="0"&DEC2BIN(($K16-1),4)&DEC2BIN((S$6-1)*2,6) -> 01001001110 | ... AQ16: ="0"&DEC2BIN(($K16-1),4)&DEC2BIN((AQ$6-1)*2,6) -> 01001111110
J17: ="100"&DEC2BIN(K17,8) -> 10000001011 | K17: 11 | L17: ="0"&DEC2BIN(($K17-1),4)&DEC2BIN((L$6-1)*2,6) -> 01010000000 | M17: ="0"&DEC2BIN(($K17-1),4)&DEC2BIN((M$6-1)*2,6) -> 01010000010 | N17: ="0"&DEC2BIN(($K17-1),4)&DEC2BIN((N$6-1)*2,6) -> 01010000100 | O17: ="0"&DEC2BIN(($K17-1),4)&DEC2BIN((O$6-1)*2,6) -> 01010000110 | P17: ="0"&DEC2BIN(($K17-1),4)&DEC2BIN((P$6-1)*2,6) -> 01010001000 | Q17: ="0"&DEC2BIN(($K17-1),4)&DEC2BIN((Q$6-1)*2,6) -> 01010001010 | R17: ="0"&DEC2BIN(($K17-1),4)&DEC2BIN((R$6-1)*2,6) -> 01010001100 | S17: ="0"&DEC2BIN(($K17-1),4)&DEC2BIN((S$6-1)*2,6) -> 01010001110 | ... AQ17: ="0"&DEC2BIN(($K17-1),4)&DEC2BIN((AQ$6-1)*2,6) -> 01010111110
J18: ="100"&DEC2BIN(K18,8) -> 10000001100 | K18: 12 | L18: ="0"&DEC2BIN(($K18-1),4)&DEC2BIN((L$6-1)*2,6) -> 01011000000 | M18: ="0"&DEC2BIN(($K18-1),4)&DEC2BIN((M$6-1)*2,6) -> 01011000010 | N18: ="0"&DEC2BIN(($K18-1),4)&DEC2BIN((N$6-1)*2,6) -> 01011000100 | O18: ="0"&DEC2BIN(($K18-1),4)&DEC2BIN((O$6-1)*2,6) -> 01011000110 | P18: ="0"&DEC2BIN(($K18-1),4)&DEC2BIN((P$6-1)*2,6) -> 01011001000 | Q18: ="0"&DEC2BIN(($K18-1),4)&DEC2BIN((Q$6-1)*2,6) -> 01011001010 | R18: ="0"&DEC2BIN(($K18-1),4)&DEC2BIN((R$6-1)*2,6) -> 01011001100 | S18: ="0"&DEC2BIN(($K18-1),4)&DEC2BIN((S$6-1)*2,6) -> 01011001110 | ... AQ18: ="0"&DEC2BIN(($K18-1),4)&DEC2BIN((AQ$6-1)*2,6) -> 01011111110
... J22: ="100"&DEC2BIN(K22,8) -> 10000010000 | K22: 16 | L22: ="0"&DEC2BIN(($K22-1),4)&DEC2BIN((L$6-1)*2,6) -> 01111000000 | M22: ="0"&DEC2BIN(($K22-1),4)&DEC2BIN((M$6-1)*2,6) -> 01111000010 | N22: ="0"&DEC2BIN(($K22-1),4)&DEC2BIN((N$6-1)*2,6) -> 01111000100 | O22: ="0"&DEC2BIN(($K22-1),4)&DEC2BIN((O$6-1)*2,6) -> 01111000110 | P22: ="0"&DEC2BIN(($K22-1),4)&DEC2BIN((P$6-1)*2,6) -> 01111001000 | Q22: ="0"&DEC2BIN(($K22-1),4)&DEC2BIN((Q$6-1)*2,6) -> 01111001010 | R22: ="0"&DEC2BIN(($K22-1),4)&DEC2BIN((R$6-1)*2,6) -> 01111001100 | S22: ="0"&DEC2BIN(($K22-1),4)&DEC2BIN((S$6-1)*2,6) -> 01111001110 | ... AQ22: ="0"&DEC2BIN(($K22-1),4)&DEC2BIN((AQ$6-1)*2,6) -> 01111111110
